<?xml version="1.0" encoding="UTF-8"?>
<configuration>
	<!-- 定义log文件的目录 -->
	<property name="LOG_HOME" value="/opt/data/logs/excel/"/>
	<appender name="STDOUT" class="ch.qos.logback.core.ConsoleAppender">
		<encoder>
			<!-- %.-1level 只显示信息级别的首字母,%-5level 左对齐显示信息级别全称 -->
			<Pattern>[%date{yyyy-MM-dd HH:mm:ss}] [%-5level] --%mdc{client} %msg%n</Pattern>
		</encoder>
	</appender>
	<appender name="TRACE_FILE" class="ch.qos.logback.core.rolling.RollingFileAppender">
		<file>${LOG_HOME}/trace.log</file>
		<append>true</append>
		<rollingPolicy class="ch.qos.logback.core.rolling.SizeAndTimeBasedRollingPolicy">
			<fileNamePattern>${LOG_HOME}/logs/trace.%d{yyyy-MM-ddssSSS}.%i.log.zip</fileNamePattern>
			<maxFileSize>20MB</maxFileSize>
			<maxHistory>7</maxHistory>
			<totalSizeCap>20GB</totalSizeCap>
		</rollingPolicy>
		<encoder>
			<pattern>[%date{yyyy-MM-dd HH:mm:ss}] [%-5level] [%logger:%line] --%mdc{client} %msg%n</pattern>
		</encoder>
		<filter class="ch.qos.logback.classic.filter.LevelFilter">
			<level>TRACE</level>
			<onMatch>ACCEPT</onMatch>
			<onMismatch>DENY</onMismatch>
		</filter>
	</appender>
	<appender name="INFO_FILE" class="ch.qos.logback.core.rolling.RollingFileAppender">
		<file>${LOG_HOME}/info.log</file>
		<append>true</append>
		<rollingPolicy class="ch.qos.logback.core.rolling.SizeAndTimeBasedRollingPolicy">
			<fileNamePattern>${LOG_HOME}/logs/info.%d{yyyy-MM-dd}.%i.log.zip</fileNamePattern>
			<maxFileSize>20MB</maxFileSize>
			<maxHistory>7</maxHistory>
			<totalSizeCap>20GB</totalSizeCap>
		</rollingPolicy>
		<encoder>
			<pattern>[%date{yyyy-MM-dd HH:mm:ss}] [%-5level] [%logger:%line] --%mdc{client} %msg%n</pattern>
		</encoder>
		<filter class="ch.qos.logback.classic.filter.LevelFilter">
			<level>INFO</level>
			<onMatch>ACCEPT</onMatch>
			<onMismatch>DENY</onMismatch>
		</filter>
	</appender>
	<appender name="DEBUG_FILE" class="ch.qos.logback.core.rolling.RollingFileAppender">
		<file>${LOG_HOME}/debug.log</file>
		<append>true</append>
		<rollingPolicy class="ch.qos.logback.core.rolling.SizeAndTimeBasedRollingPolicy">
			<fileNamePattern>${LOG_HOME}/logs/debug.%d{yyyy-MM-dd}.%i.log.zip</fileNamePattern>
			<maxFileSize>20MB</maxFileSize>
			<maxHistory>7</maxHistory>
			<totalSizeCap>20GB</totalSizeCap>
		</rollingPolicy>
		<encoder>
			<pattern>[%date{yyyy-MM-dd HH:mm:ss}] [%-5level] [%logger:%line] --%mdc{client} %msg%n</pattern>
		</encoder>
		<filter class="ch.qos.logback.classic.filter.LevelFilter">
			<level>DEBUG</level>
			<onMatch>ACCEPT</onMatch>
			<onMismatch>DENY</onMismatch>
		</filter>
	</appender>
	<appender name="WARN_FILE" class="ch.qos.logback.core.rolling.RollingFileAppender">
		<file>${LOG_HOME}/warn.log</file>
		<append>true</append>
		<rollingPolicy class="ch.qos.logback.core.rolling.SizeAndTimeBasedRollingPolicy">
			<fileNamePattern>${LOG_HOME}/logs/warn.%d{yyyy-MM-dd}.%i.log.zip</fileNamePattern>
			<maxFileSize>20MB</maxFileSize>
			<maxHistory>7</maxHistory>
			<totalSizeCap>20GB</totalSizeCap>
		</rollingPolicy>
		<encoder>
			<pattern>[%date{yyyy-MM-dd HH:mm:ss}] [%-5level] [%logger:%line] --%mdc{client} %msg%n</pattern>
		</encoder>
		<filter class="ch.qos.logback.classic.filter.LevelFilter">
			<level>WARN</level>
			<onMatch>ACCEPT</onMatch>
			<onMismatch>DENY</onMismatch>
		</filter>
	</appender>
	<appender name="ERROR_FILE" class="ch.qos.logback.core.rolling.RollingFileAppender">
		<file>${LOG_HOME}/error.log</file>
		<append>true</append>
		<rollingPolicy class="ch.qos.logback.core.rolling.SizeAndTimeBasedRollingPolicy">
			<fileNamePattern>${LOG_HOME}/logs/error.%d{yyyy-MM-dd}.%i.log.zip</fileNamePattern>
			<maxFileSize>20MB</maxFileSize>
			<maxHistory>7</maxHistory>
			<totalSizeCap>20GB</totalSizeCap>
		</rollingPolicy>
		<encoder>
			<pattern>[%date{yyyy-MM-dd HH:mm:ss}] [%-5level] [%logger:%line] --%mdc{client} %msg%n</pattern>
		</encoder>
		<filter class="ch.qos.logback.classic.filter.LevelFilter">
			<level>ERROR</level>
			<onMatch>ACCEPT</onMatch>
			<onMismatch>DENY</onMismatch>
		</filter>
	</appender>
	<appender name="ALL_FILE" class="ch.qos.logback.core.rolling.RollingFileAppender">
		<file>${LOG_HOME}/all.log</file>
		<append>true</append>
		<rollingPolicy class="ch.qos.logback.core.rolling.SizeAndTimeBasedRollingPolicy">
			<fileNamePattern>${LOG_HOME}/logs/all.%d{yyyy-MM-dd}.%i.log.zip</fileNamePattern>
			<maxFileSize>100MB</maxFileSize>
			<maxHistory>7</maxHistory>
			<totalSizeCap>50GB</totalSizeCap>
		</rollingPolicy>
		<encoder>
			<pattern>[%date{yyyy-MM-dd HH:mm:ss}] [%-5level] [%logger:%line] --%mdc{client} %msg%n</pattern>
		</encoder>
	</appender>
	<root level="DEBUG">
		<appender-ref ref="STDOUT" />
		<appender-ref ref="TRACE_FILE" />
		<appender-ref ref="INFO_FILE" />
		<appender-ref ref="DEBUG_FILE" />
		<appender-ref ref="WARN_FILE" />
		<appender-ref ref="ERROR_FILE" />
		<appender-ref ref="ALL_FILE" />
	</root>
</configuration>  